INSERT INTO users (user_id, username, email, password, created_at)
VALUES
(1, 'Mason Taylor', 'masontaylor@outlook.com', 'hashed_password_1', '2024-11-14 04:41:55'),
(2, 'Mia Moore', 'miamoore@outlook.com', 'hashed_password_2', '2024-03-27 17:12:04'),
(3, 'Liam Johnson', 'liamjohnson@gmail.com', 'hashed_password_3', '2024-03-10 05:27:20'),
(4, 'Ava Wilson', 'avawilson@outlook.com', 'hashed_password_4', '2024-01-02 02:27:41'),
(5, 'Noah Smith', 'noahsmith@yahoo.com', 'hashed_password_5', '2024-07-23 14:53:54'),
(6, 'Isabella Brown', 'isabellabrown@gmail.com', 'hashed_password_6', '2024-11-17 23:10:28'),
(7, 'Oliver Davis', 'oliverdavis@yahoo.com', 'hashed_password_7', '2024-05-05 08:39:36'),
(8, 'Sophia Miller', 'sophiamiller@gmail.com', 'hashed_password_8', '2024-10-07 10:19:24'),
(9, 'Elijah Martinez', 'elijahmartinez@gmail.com', 'hashed_password_9', '2024-06-28 17:55:08'),
(10, 'Charlotte Garcia', 'charlottegarcia@outlook.com', 'hashed_password_10', '2024-02-05 11:30:31'),
(11, 'James Robinson', 'jamesrobinson@gmail.com', 'hashed_password_11', '2024-04-18 08:29:04'),
(12, 'Amelia Clark', 'ameliaclark@outlook.com', 'hashed_password_12', '2024-05-21 18:50:58'),
(13, 'Benjamin Hall', 'benjaminhall@gmail.com', 'hashed_password_13', '2024-05-19 15:40:33'),
(14, 'Harper Lewis', 'harperlewis@yahoo.com', 'hashed_password_14', '2024-12-23 22:31:47'),
(15, 'Lucas Walker', 'lucaswalker@yahoo.com', 'hashed_password_15', '2024-06-18 01:27:57'),
(16, 'Evelyn Allen', 'evelynallen@yahoo.com', 'hashed_password_16', '2024-07-09 14:58:04'),
(17, 'Henry Young', 'henryyoung@outlook.com', 'hashed_password_17', '2024-11-14 20:53:50'),
(18, 'Abigail King', 'abigailking@outlook.com', 'hashed_password_18', '2024-01-15 17:03:58'),
(19, 'Alexander Wright', 'alexanderwright@outlook.com', 'hashed_password_19', '2024-07-23 02:13:56'),
(20, 'Ella Scott', 'ellascott@outlook.com', 'hashed_password_20', '2024-09-26 06:33:15'),
(21, 'Michael Green', 'michaelgreen@yahoo.com', 'hashed_password_21', '2024-06-15 02:40:11'),
(22, 'Scarlett Adams', 'scarlettadams@gmail.com', 'hashed_password_22', '2024-01-03 15:31:27'),
(23, 'Daniel Baker', 'danielbaker@outlook.com', 'hashed_password_23', '2024-12-26 10:12:40'),
(24, 'Grace Gonzalez', 'gracegonzalez@outlook.com', 'hashed_password_24', '2024-10-27 01:45:45'),
(25, 'Matthew Nelson', 'matthewnelson@yahoo.com', 'hashed_password_25', '2024-08-13 15:39:19'),
(26, 'Chloe Carter', 'chloecarter@gmail.com', 'hashed_password_26', '2024-11-01 21:24:36'),
(27, 'Joseph Mitchell', 'josephmitchell@yahoo.com', 'hashed_password_27', '2024-04-28 01:46:47'),
(28, 'Lily Perez', 'lilyperez@outlook.com', 'hashed_password_28', '2024-10-20 00:10:35'),
(29, 'David Roberts', 'davidroberts@yahoo.com', 'hashed_password_29', '2024-01-24 13:32:30'),
(30, 'Hannah Campbell', 'hannahcampbell@outlook.com', 'hashed_password_30', '2024-09-09 19:13:58'),
(31, 'Andrew Rivera', 'andrewrivera@yahoo.com', 'hashed_password_31', '2024-09-09 03:03:07'),
(32, 'Zoe Edwards', 'zoeedwards@gmail.com', 'hashed_password_32', '2024-09-09 06:39:27'),
(33, 'Samuel Morris', 'samuelmorris@outlook.com', 'hashed_password_33', '2024-01-22 07:07:27'),
(34, 'Victoria Stewart', 'victoriastewart@gmail.com', 'hashed_password_34', '2024-11-08 12:11:00'),
(35, 'Leo Hughes', 'leohughes@gmail.com', 'hashed_password_35', '2024-05-09 04:19:14'),
(36, 'Penelope Torres', 'penelopetorres@outlook.com', 'hashed_password_36', '2024-11-13 14:37:27'),
(37, 'Sebastian Murphy', 'sebastianmurphy@yahoo.com', 'hashed_password_37', '2024-08-24 16:05:28'),
(38, 'Aurora Bryant', 'aurorabryant@outlook.com', 'hashed_password_38', '2024-01-05 20:09:23'),
(39, 'Jack Sanchez', 'jacksanchez@yahoo.com', 'hashed_password_39', '2024-09-26 08:28:29'),
(40, 'Stella Morgan', 'stellamorgan@outlook.com', 'hashed_password_40', '2024-11-11 09:39:44'),
(41, 'Owen Bell', 'owenbell@outlook.com', 'hashed_password_41', '2024-12-24 00:57:09'),
(42, 'Aria Bailey', 'ariabailey@yahoo.com', 'hashed_password_42', '2024-10-20 20:14:57'),
(43, 'Gabriel Cooper', 'gabrielcooper@yahoo.com', 'hashed_password_43', '2024-06-02 23:45:49'),
(44, 'Luna Flores', 'lunaflores@gmail.com', 'hashed_password_44', '2024-04-06 12:09:24'),
(45, 'William Jenkins', 'williamjenkins@outlook.com', 'hashed_password_45', '2024-04-19 03:34:30'),
(46, 'Layla Perry', 'laylaperry@gmail.com', 'hashed_password_46', '2024-09-20 13:22:45'),
(47, 'Ethan Powell', 'ethanpowell@yahoo.com', 'hashed_password_47', '2024-04-17 00:19:18'),
(48, 'Nora Jenkins', 'norajenkins@gmail.com', 'hashed_password_48', '2024-12-16 20:53:40'),
(49, 'Caleb Richardson', 'calebrichardson@gmail.com', 'hashed_password_49', '2024-10-03 06:20:22'),
(50, 'Ellie Cox', 'elliecox@gmail.com', 'hashed_password_50', '2024-08-11 00:39:33'),
(51, 'Logan Price', 'loganprice@gmail.com', 'hashed_password_51', '2024-01-07 12:28:26');


INSERT INTO categories (category_id, category_name) VALUES 
(1,'Gaming Consoles'), 
(2,'Games'), 
(3,'Accessories'), 
(4,'Merchandise'), 
(5,'Gift Cards');


INSERT INTO products (product_id, product_name, description, price, category_id, created_at)
VALUES
(1, 'PlayStation 5', 'Next-gen console with ultra-fast SSD and ray tracing.', 499.99, 1, '2024-05-01 12:00:00'),
(2, 'Xbox Series X', '4K gaming console with 120 FPS and 1TB storage.', 499.99, 1, '2024-05-15 10:30:00'),
(3, 'Nintendo Switch OLED', 'Portable console with OLED display and enhanced audio.', 349.99, 1, '2024-06-03 08:45:00'),
(4, 'PlayStation 5 DualSense Controller', 'Wireless controller with haptic feedback.', 69.99, 3, '2024-06-18 14:20:00'),
(5, 'Xbox Wireless Controller', 'Sleek controller with textured grip and Bluetooth.', 59.99, 3, '2024-07-01 16:10:00'),
(6, 'Nintendo Switch Pro Controller', 'Ergonomic controller with motion control.', 69.99, 3, '2024-07-12 11:25:00'),
(7, 'The Legend of Zelda: Tears of the Kingdom', 'Action-adventure game for Nintendo Switch.', 59.99, 2, '2024-08-05 09:00:00'),
(8, 'Call of Duty: Modern Warfare II', 'First-person shooter for PlayStation and Xbox.', 69.99, 2, '2024-08-17 13:45:00'),
(9, 'Elden Ring', 'Open-world RPG for PlayStation, Xbox, and PC.', 59.99, 2, '2024-08-23 15:30:00'),
(10, 'Super Mario Odyssey', 'Adventure game for Nintendo Switch.', 49.99, 2, '2024-09-01 17:00:00'),
(11, 'Spider-Man 2', 'Action-adventure game for PlayStation 5.', 69.99, 2, '2024-09-10 19:00:00'),
(12, 'God of War Ragnarok', 'Epic action RPG for PlayStation 5.', 69.99, 2, '2024-09-20 20:15:00'),
(13, 'Logitech G Pro X Headset', 'Wireless headset with blue voice technology.', 129.99, 3, '2024-09-25 11:45:00'),
(14, 'Razer DeathAdder V2', 'Ergonomic gaming mouse with 20K DPI sensor.', 49.99, 3, '2024-10-03 09:30:00'),
(15, 'Corsair K95 RGB Keyboard', 'Mechanical gaming keyboard with macro keys.', 199.99, 3, '2024-10-08 12:20:00'),
(16, 'Xbox Game Pass Ultimate - 3 Months', 'Access to hundreds of games for Xbox and PC.', 44.99, 5, '2024-10-18 14:40:00'),
(17, 'PlayStation Plus Premium - 1 Year', 'Subscription for online gaming and free games.', 119.99, 5, '2024-10-23 08:15:00'),
(18, 'Nintendo eShop Gift Card - $50', 'Gift card for Nintendo digital store.', 50.00, 5, '2024-10-27 10:30:00'),
(19, 'Fortnite V-Bucks - 2,800', 'In-game currency for Fortnite.', 19.99, 5, '2024-11-01 18:00:00'),
(20, 'Minecraft', 'Creative sandbox game for all platforms.', 29.99, 2, '2024-11-05 11:00:00'),
(21, 'FIFA 24', 'Popular football simulation game.', 59.99, 2, '2024-11-10 09:20:00'),
(22, 'NBA 2K24', 'Basketball simulation game with realistic graphics.', 59.99, 2, '2024-11-12 16:45:00'),
(23, 'GTA V', 'Open-world action-adventure game.', 39.99, 2, '2024-11-20 14:25:00'),
(24, 'Red Dead Redemption 2', 'Western-themed action-adventure game.', 49.99, 2, '2024-11-25 13:15:00'),
(25, 'Cyberpunk 2077', 'Futuristic open-world RPG.', 44.99, 2, '2024-12-01 08:00:00'),
(26, 'Assassin’s Creed Valhalla', 'Action-adventure RPG in Viking era.', 54.99, 2, '2024-12-05 11:30:00'),
(27, 'Mario Kart 8 Deluxe', 'Fun and exciting racing game.', 49.99, 2, '2024-12-10 12:45:00'),
(28, 'Horizon Forbidden West', 'Open-world RPG for PlayStation.', 69.99, 2, '2024-12-15 14:20:00'),
(29, 'Resident Evil 4 Remake', 'Survival horror classic reimagined.', 59.99, 2, '2024-12-20 15:40:00'),
(30, 'Logitech G502 HERO', 'High-performance gaming mouse.', 59.99, 3, '2024-12-25 09:50:00'),
(31, 'SteelSeries Arctis 7', 'Wireless headset with surround sound.', 129.99, 3, '2025-01-05 08:30:00'),
(32, 'Razer BlackShark V2 Pro', 'High-quality gaming headset.', 149.99, 3, '2025-01-10 10:45:00'),
(33, 'Xbox Elite Wireless Controller', 'Pro controller with adjustable tension.', 179.99, 3, '2025-01-15 12:00:00'),
(34, 'PlayStation Gift Card - $100', 'Gift card for PlayStation digital store.', 100.00, 5, '2025-01-20 14:30:00'),
(35, 'Apex Legends Coins - 2,150', 'In-game currency for Apex Legends.', 19.99, 5, '2025-01-22 18:20:00'),
(36, 'Amazon Gaming Gift Card - $50', 'Gift card for Amazon gaming products.', 50.00, 5, '2025-01-25 09:40:00'),
(37, 'Minecraft Dungeons', 'Dungeon crawler set in Minecraft universe.', 19.99, 2, '2025-02-01 11:20:00'),
(38, 'The Last of Us Part II', 'Narrative-driven action-adventure.', 59.99, 2, '2025-02-05 14:10:00'),
(39, 'Sonic Frontiers', 'Fast-paced action game with open-world elements.', 49.99, 2, '2025-02-10 15:00:00'),
(40, 'Pokémon Scarlet', 'New adventure in the Pokémon series.', 59.99, 2, '2025-02-15 10:30:00'),
(41, 'Nintendo Switch Dock Set', 'Official dock for Nintendo Switch.', 89.99, 3, '2025-02-20 12:15:00'),
(42, 'Corsair Virtuoso RGB Wireless', 'Premium headset for PC and consoles.', 189.99, 3, '2025-02-25 14:50:00'),
(43, 'Astro A50 Wireless', 'High-end gaming headset with Dolby Audio.', 299.99, 3, '2025-03-01 17:40:00'),
(44, 'PlayStation Camera', 'High-definition camera for streaming.', 59.99, 3, '2025-03-05 09:00:00'),
(45, 'Roblox Gift Card - $25', 'Virtual currency for Roblox games.', 25.00, 5, '2025-03-10 11:20:00'),
(46, 'Steam Wallet Gift Card - $50', 'Top up for Steam games and apps.', 50.00, 5, '2025-03-12 13:45:00'),
(47, 'Far Cry 6', 'Open-world shooter set in a fictional Caribbean island.', 59.99, 2, '2025-03-15 15:30:00'),
(48, 'Diablo IV', 'Dark fantasy action RPG.', 69.99, 2, '2025-03-20 12:40:00'),
(49, 'Halo Infinite', 'Sci-fi first-person shooter for Xbox.', 49.99, 2, '2025-03-25 16:00:00'),
(50, 'Sims 4 Expansion Pack', 'Add new features and content to Sims 4.', 39.99, 2, '2025-03-28 08:00:00'),
(51, 'Marvel’s Avengers', 'Superhero action game for PlayStation and Xbox.', 59.99, 2, '2025-03-30 09:30:00'),
(52, 'Cuphead', 'Challenging platformer with hand-drawn animation.', 19.99, 2, '2025-03-31 11:15:00'),
(53, 'Rocket League', 'High-powered hybrid of arcade soccer.', 24.99, 2, '2025-04-01 12:30:00'),
(54, 'Borderlands 3', 'Looter shooter with over-the-top action.', 29.99, 2, '2025-04-02 13:50:00'),
(55, 'Just Dance 2025', 'Dance rhythm game for all ages.', 49.99, 2, '2025-04-03 15:20:00'),
(56, 'Warframe Platinum - 1,000', 'Premium currency for Warframe.', 19.99, 5, '2025-04-04 09:00:00'),
(57, 'Fortnite Skin Pack', 'Exclusive skins for Fortnite.', 14.99, 5, '2025-04-05 10:20:00'),
(58, 'Rainbow Six Siege', 'Tactical multiplayer FPS.', 39.99, 2, '2025-04-06 11:40:00'),
(59, 'World of Warcraft Game Time - 60 Days', 'Subscription for WoW MMORPG.', 29.99, 5, '2025-04-07 14:00:00'),
(60, 'Persona 5 Royal', 'Enhanced RPG with unique story and combat.', 49.99, 2, '2025-04-08 15:10:00'),
(61, 'Dead by Daylight', 'Horror multiplayer game.', 19.99, 2, '2025-04-09 16:20:00'),
(62, 'Fall Guys: Ultimate Knockout', 'Fun and chaotic battle royale.', 14.99, 2, '2025-04-10 17:30:00'),
(63, 'Watch Dogs: Legion', 'Open-world hacker adventure.', 59.99, 2, '2025-04-11 09:00:00'),
(64, 'Battlefield 2042', 'Multiplayer-focused FPS.', 69.99, 2, '2025-04-12 10:30:00'),
(65, 'Star Wars Jedi: Survivor', 'Action-adventure game set in the Star Wars universe.', 69.99, 2, '2025-04-13 12:00:00'),
(66, 'Hitman 3', 'Stealth action game with detailed environments.', 59.99, 2, '2025-04-14 13:40:00'),
(67, 'WWE 2K24', 'Wrestling simulation game.', 59.99, 2, '2025-04-15 14:30:00'),
(68, 'Crash Bandicoot 4', 'Platformer adventure game.', 49.99, 2, '2025-04-16 15:45:00'),
(69, 'Hollow Knight', 'Challenging action-adventure indie game.', 14.99, 2, '2025-04-17 16:50:00'),
(70, 'Metro Exodus', 'Post-apocalyptic first-person shooter.', 29.99, 2, '2025-04-18 18:00:00'),
(71, 'Overwatch 2', 'Team-based shooter with new content.', 59.99, 2, '2025-04-19 19:20:00'),
(72, 'Age of Empires IV', 'Strategy game with real-time tactics.', 49.99, 2, '2025-04-20 20:30:00'),
(73, 'Sea of Thieves', 'Pirate adventure game with open-world exploration.', 39.99, 2, '2025-04-21 21:45:00'),
(74, 'Animal Crossing: New Horizons', 'Relaxing life simulation game.', 49.99, 2, '2025-04-22 22:00:00'),
(75, 'Stardew Valley', 'Farming simulator with RPG elements.', 14.99, 2, '2025-04-23 08:00:00'),
(76, 'It Takes Two', 'Cooperative adventure game.', 39.99, 2, '2025-04-24 09:00:00'),
(77, 'Ghost of Tsushima', 'Action-adventure game set in feudal Japan.', 59.99, 2, '2025-04-25 10:20:00'),
(78, 'Farming Simulator 22', 'Realistic farming simulation.', 39.99, 2, '2025-04-26 11:30:00'),
(79, 'Destiny 2: Lightfall', 'Latest expansion for the sci-fi shooter.', 49.99, 2, '2025-04-27 12:40:00'),
(80, 'Control: Ultimate Edition', 'Mind-bending action-adventure game.', 29.99, 2, '2025-04-28 13:50:00');

INSERT INTO orders (order_id, user_id, order_date, total_amount, status)
VALUES
(1, 5, '2024-04-01 10:15:00', 129.99, 'completed'),
(2, 12, '2024-04-05 12:45:00', 75.49, 'shipped'),
(3, 8, '2024-04-08 15:30:00', 249.00, 'completed'),
(4, 3, '2024-04-10 17:00:00', 189.99, 'pending'),
(5, 10, '2024-04-12 14:20:00', 89.95, 'cancelled'),
(6, 21, '2024-04-14 09:50:00', 299.99, 'completed'),
(7, 7, '2024-04-18 11:10:00', 49.99, 'shipped'),
(8, 15, '2024-04-20 13:25:00', 359.89, 'completed'),
(9, 18, '2024-04-22 16:30:00', 120.00, 'pending'),
(10, 25, '2024-04-25 19:00:00', 199.99, 'completed'),
(11, 6, '2024-04-28 21:15:00', 49.50, 'cancelled'),
(12, 14, '2024-05-02 09:45:00', 275.75, 'shipped'),
(13, 9, '2024-05-05 14:30:00', 150.00, 'completed'),
(14, 20, '2024-05-07 11:00:00', 79.99, 'pending'),
(15, 2, '2024-05-10 16:20:00', 199.49, 'completed'),
(16, 30, '2024-05-12 18:45:00', 249.99, 'shipped'),
(17, 4, '2024-05-15 13:30:00', 99.00, 'cancelled'),
(18, 19, '2024-05-18 10:45:00', 325.00, 'completed'),
(19, 27, '2024-05-20 12:00:00', 119.99, 'shipped'),
(20, 11, '2024-05-22 14:00:00', 49.99, 'completed'),
(21, 22, '2024-05-25 15:30:00', 275.00, 'pending'),
(22, 16, '2024-05-28 08:40:00', 89.99, 'cancelled'),
(23, 13, '2024-06-01 09:30:00', 359.99, 'completed'),
(24, 24, '2024-06-05 13:10:00', 149.00, 'shipped'),
(25, 1, '2024-06-08 16:00:00', 229.99, 'completed'),
(26, 17, '2024-06-10 18:20:00', 74.95, 'cancelled'),
(27, 28, '2024-06-12 14:45:00', 329.50, 'completed'),
(28, 26, '2024-06-15 12:10:00', 89.99, 'shipped'),
(29, 23, '2024-06-18 11:40:00', 59.99, 'pending'),
(30, 29, '2024-06-20 15:00:00', 189.99, 'completed');

INSERT INTO order_items (order_item_id, order_id, product_id, quantity, price)
VALUES
(1, 1, 12, 2, 49.99),
(2, 2, 45, 1, 129.99),
(3, 3, 33, 3, 89.00),
(4, 4, 20, 1, 59.95),
(5, 5, 5, 2, 99.99),
(6, 6, 18, 4, 120.00),
(7, 7, 2, 1, 39.49),
(8, 8, 48, 3, 75.00),
(9, 9, 22, 1, 55.25),
(10, 10, 61, 2, 150.00),
(11, 11, 9, 1, 29.99),
(12, 12, 55, 4, 49.95),
(13, 13, 3, 2, 99.00),
(14, 14, 10, 1, 45.00),
(15, 15, 28, 5, 59.50),
(16, 16, 72, 3, 110.00),
(17, 17, 8, 1, 33.00),
(18, 18, 39, 2, 120.00),
(19, 19, 23, 1, 85.00),
(20, 20, 67, 3, 65.99),
(21, 21, 40, 2, 99.95),
(22, 22, 30, 4, 79.49),
(23, 23, 15, 1, 45.00),
(24, 24, 7, 3, 120.00),
(25, 25, 53, 2, 60.00),
(26, 26, 14, 1, 44.99),
(27, 27, 31, 3, 99.00),
(28, 28, 64, 5, 89.00),
(29, 29, 47, 2, 130.00),
(30, 30, 21, 1, 55.00);

INSERT INTO payments (payment_id, order_id, payment_method, amount, payment_date)
VALUES
(1, 1, 'Credit Card', 149.99, '2025-03-01 10:15:05'),
(2, 2, 'PayPal', 249.99, '2025-03-02 12:30:10'),
(3, 3, 'Debit Card', 75.00, '2025-03-03 09:45:25'),
(4, 4, 'Apple Pay', 199.00, '2025-03-04 14:55:40'),
(5, 5, 'Google Pay', 89.50, '2025-03-05 16:25:55'),
(6, 6, 'Credit Card', 129.99, '2025-03-06 11:05:20'),
(7, 7, 'PayPal', 299.00, '2025-03-07 18:30:45'),
(8, 8, 'Debit Card', 99.99, '2025-03-08 13:10:15'),
(9, 9, 'Apple Pay', 255.75, '2025-03-09 15:20:50'),
(10, 10, 'Google Pay', 89.25, '2025-03-10 08:40:05'),
(11, 11, 'Credit Card', 140.50, '2025-03-11 17:15:30'),
(12, 12, 'PayPal', 300.00, '2025-03-12 09:55:05'),
(13, 13, 'Debit Card', 175.99, '2025-03-13 12:20:25'),
(14, 14, 'Apple Pay', 79.99, '2025-03-14 14:45:10'),
(15, 15, 'Google Pay', 125.75, '2025-03-15 16:30:00'),
(16, 16, 'Credit Card', 295.00, '2025-03-16 11:05:45'),
(17, 17, 'PayPal', 185.99, '2025-03-17 18:40:30'),
(18, 18, 'Debit Card', 99.00, '2025-03-18 13:25:20'),
(19, 19, 'Apple Pay', 255.50, '2025-03-19 15:35:55'),
(20, 20, 'Google Pay', 89.00, '2025-03-20 08:10:40'),
(21, 21, 'Credit Card', 129.00, '2025-03-21 17:45:15'),
(22, 22, 'PayPal', 299.00, '2025-03-22 09:20:35'),
(23, 23, 'Debit Card', 79.50, '2025-03-23 12:50:10'),
(24, 24, 'Apple Pay', 220.00, '2025-03-24 14:15:20'),
(25, 25, 'Google Pay', 89.25, '2025-03-25 16:05:45'),
(26, 26, 'Credit Card', 155.00, '2025-03-26 10:40:50'),
(27, 27, 'PayPal', 275.50, '2025-03-27 19:10:05'),
(28, 28, 'Debit Card', 130.00, '2025-03-28 13:45:25'),
(29, 29, 'Apple Pay', 250.99, '2025-03-29 15:50:40'),
(30, 30, 'Google Pay', 85.75, '2025-03-30 09:30:20'),
(31, 1, 'Credit Card', 175.99, '2025-03-31 10:25:15'),
(32, 2, 'PayPal', 220.00, '2025-04-01 11:30:40'),
(33, 3, 'Debit Card', 99.25, '2025-04-02 12:10:05'),
(34, 4, 'Apple Pay', 185.50, '2025-04-03 14:20:25'),
(35, 5, 'Google Pay', 125.00, '2025-04-04 16:40:50'),
(36, 6, 'Credit Card', 299.75, '2025-04-05 17:15:35'),
(37, 7, 'PayPal', 100.00, '2025-04-06 18:50:10'),
(38, 8, 'Debit Card', 79.99, '2025-04-07 13:35:20'),
(39, 9, 'Apple Pay', 265.00, '2025-04-08 15:10:40'),
(40, 10, 'Google Pay', 95.25, '2025-04-09 08:25:05'),
(41, 11, 'Credit Card', 159.99, '2025-04-10 17:40:30'),
(42, 12, 'PayPal', 120.00, '2025-04-11 09:55:05'),
(43, 13, 'Debit Card', 185.99, '2025-04-12 12:25:10'),
(44, 14, 'Apple Pay', 90.00, '2025-04-13 14:55:40'),
(45, 15, 'Google Pay', 250.75, '2025-04-14 16:10:05'),
(46, 16, 'Credit Card', 135.50, '2025-04-15 11:35:25'),
(47, 17, 'PayPal', 200.00, '2025-04-16 18:25:45'),
(48, 18, 'Debit Card', 99.00, '2025-04-17 13:10:40'),
(49, 19, 'Apple Pay', 195.75, '2025-04-18 15:30:05'),
(50, 20, 'Google Pay', 85.50, '2025-04-19 08:55:25');

INSERT INTO inventory (inventory_id, product_id, stock_quantity, last_updated)
VALUES
(1, 1, 120, '2025-03-01 10:15:05'),
(2, 2, 200, '2025-03-02 12:30:10'),
(3, 3, 350, '2025-03-03 09:45:25'),
(4, 4, 150, '2025-03-04 14:55:40'),
(5, 5, 80, '2025-03-05 16:25:55'),
(6, 6, 300, '2025-03-06 11:05:20'),
(7, 7, 250, '2025-03-07 18:30:45'),
(8, 8, 75, '2025-03-08 13:10:15'),
(9, 9, 400, '2025-03-09 15:20:50'),
(10, 10, 110, '2025-03-10 08:40:05'),
(11, 11, 95, '2025-03-11 17:15:30'),
(12, 12, 275, '2025-03-12 09:55:05'),
(13, 13, 145, '2025-03-13 12:20:25'),
(14, 14, 220, '2025-03-14 14:45:10'),
(15, 15, 50, '2025-03-15 16:30:00'),
(16, 16, 305, '2025-03-16 11:05:45'),
(17, 17, 190, '2025-03-17 18:40:30'),
(18, 18, 410, '2025-03-18 13:25:20'),
(19, 19, 85, '2025-03-19 15:35:55'),
(20, 20, 310, '2025-03-20 08:10:40'),
(21, 21, 130, '2025-03-21 17:45:15'),
(22, 22, 490, '2025-03-22 09:20:35'),
(23, 23, 200, '2025-03-23 12:50:10'),
(24, 24, 60, '2025-03-24 14:15:20'),
(25, 25, 150, '2025-03-25 16:05:45'),
(26, 26, 340, '2025-03-26 10:40:50'),
(27, 27, 280, '2025-03-27 19:10:05'),
(28, 28, 135, '2025-03-28 13:45:25'),
(29, 29, 370, '2025-03-29 15:50:40'),
(30, 30, 125, '2025-03-30 09:30:20'),
(31, 31, 160, '2025-03-31 10:25:15'),
(32, 32, 490, '2025-04-01 11:30:40'),
(33, 33, 145, '2025-04-02 12:10:05'),
(34, 34, 220, '2025-04-03 14:20:25'),
(35, 35, 55, '2025-04-04 16:40:50'),
(36, 36, 315, '2025-04-05 17:15:35'),
(37, 37, 180, '2025-04-06 18:50:10'),
(38, 38, 415, '2025-04-07 13:35:20'),
(39, 39, 95, '2025-04-08 15:10:40'),
(40, 40, 320, '2025-04-09 08:25:05'),
(41, 41, 125, '2025-04-10 17:40:30'),
(42, 42, 490, '2025-04-11 09:55:05'),
(43, 43, 145, '2025-04-12 12:25:10'),
(44, 44, 230, '2025-04-13 14:55:40'),
(45, 45, 60, '2025-04-14 16:10:05'),
(46, 46, 350, '2025-04-15 11:35:25'),
(47, 47, 200, '2025-04-16 18:25:45'),
(48, 48, 430, '2025-04-17 13:10:40'),
(49, 49, 100, '2025-04-18 15:30:05'),
(50, 50, 290, '2025-04-19 08:55:25');
